{
   "packages": [
      {
         "name": "rp2040-ethernet",
         "maintainer": "WIZnet",
         "websiteURL": "https://github.com/WIZnet-ArduinoEthernet/arduino-pico",
         "email": "https://forum.wiznet.io/",
         "help": {
            "online": "https://arduino-pico.readthedocs.io/en/latest/"
         },
         "platforms": [
            {
               "category": "Raspberry Pi Pico",
               "name": "Raspberry Pi Pico/RP2040 Ethernet",
               "url": "",
               "version": "",
               "architecture": "rp2040",
               "archiveFileName": "",
               "boards": [
                  {
                     "name": "Raspberry Pi Pico"
                  },
                  {
                     "name": "Adafruit Feather RP2040"
                  },
                  {
                     "name": "Adafruit ItsyBitsy RP2040"
                  },
                  {
                     "name": "Adafruit KB2040"
                  },
                  {
                     "name": "Adafruit Macropad RP2040"
                  },
                  {
                     "name": "Adafruit QTPy RP2040"
                  },
                  {
                     "name": "Adafruit STEMMA Friend RP2040"
                  },
                  {
                     "name": "Adafruit Trinkey RP2040 QT"
                  },
                  {
                     "name": "Arduino Nano RP2040 Connect"
                  },
                  {
                     "name": "Cytron Maker Nano RP2040"
                  },
                  {
                     "name": "Cytron Maker Pi RP2040"
                  },
                  {
                     "name": "DeRuiLab FlyBoard2040 Core"
                  },
                  {
                     "name": "DFRobot Beetle RP2040"
                  },
                  {
                     "name": "Invector Labs Challenger RP2040 WiFi"
                  },
                  {
                     "name": "Invector Labs Challenger NB RP2040 WiFi"
                  },
                  {
                     "name": "Invector Labs Challenger RP2040 LTE"
                  },
                  {
                     "name": "Invector Labs Challenger RP2040 LoRa"
                  },
                  {
                     "name": "Invector Labs RPICO32"
                  },
                  {
                     "name": "Solder Party RP2040 Stamp"
                  },
                  {
                     "name": "SparkFun ProMicro RP2040"
                  },
                  {
                     "name": "Melopero Shake RP2040"
                  },
                  {
                     "name": "uPesy RP2040 DevKit"
                  },
                  {
                     "name": "WIZnet W5100S-EVB-Pico"
                  },
                  {
                     "name": "Generic RP2040 Module"
                  }
               ],
               "toolsDependencies": [
                  {
                     "packager": "rp2040-ethernet",
                     "version": "1.3.3-a-ed6d983",
                     "name": "pqt-gcc"
                  },
                  {
                     "packager": "rp2040-ethernet",
                     "version": "1.3.3-a-ed6d983",
                     "name": "pqt-mklittlefs"
                  },
                  {
                     "packager": "rp2040-ethernet",
                     "version": "1.3.3-a-ed6d983",
                     "name": "pqt-elf2uf2"
                  },
                  {
                     "packager": "rp2040-ethernet",
                     "version": "1.3.3-a-ed6d983",
                     "name": "pqt-pioasm"
                  },
                  {
                     "packager": "rp2040-ethernet",
                     "version": "1.0.1-base-3a57aed",
                     "name": "pqt-python3"
                  },
                  {
                     "packager": "rp2040-ethernet",
                     "version": "1.3.3-a-ed6d983",
                     "name": "pqt-openocd"
                  }
               ],
               "help": {
                  "online": ""
               }
            }
         ],
         "tools": [
            {
               "version": "1.3.3-a-ed6d983",
               "name": "pqt-openocd",
               "systems": [
                  {
                     "host": "aarch64-linux-gnu",
                     "url": "https://github.com/earlephilhower/pico-quick-toolchain/releases/download/1.3.3-a/aarch64-linux-gnu.openocd-e3428fadb.220212.tar.gz",
                     "archiveFileName": "aarch64-linux-gnu.openocd-e3428fadb.220212.tar.gz",
                     "checksum": "SHA-256:d1d95978101c69c3bc777e61ba70077bf9dc4b3245aa7dd93171acaec4d29fb1",
                     "size": "5607214"
                  },
                  {
                     "host": "arm-linux-gnueabihf",
                     "url": "https://github.com/earlephilhower/pico-quick-toolchain/releases/download/1.3.3-a/arm-linux-gnueabihf.openocd-e3428fadb.220212.tar.gz",
                     "archiveFileName": "arm-linux-gnueabihf.openocd-e3428fadb.220212.tar.gz",
                     "checksum": "SHA-256:81373c1e12a88e382a587688343c2e2f2f1f999d38334b7b6ded174929cc9b88",
                     "size": "5344032"
                  },
                  {
                     "host": "i686-pc-linux-gnu",
                     "url": "https://github.com/earlephilhower/pico-quick-toolchain/releases/download/1.3.3-a/i686-linux-gnu.openocd-e3428fadb.220212.tar.gz",
                     "archiveFileName": "i686-linux-gnu.openocd-e3428fadb.220212.tar.gz",
                     "checksum": "SHA-256:6a4dd98422a187c7725fc349b045b55e4742166c65461847d1bd59537242b0be",
                     "size": "5168258"
                  },
                  {
                     "host": "i686-mingw32",
                     "url": "https://github.com/earlephilhower/pico-quick-toolchain/releases/download/1.3.3-a/x86_64-w64-mingw32.openocd-e3428fadb.220212.zip",
                     "archiveFileName": "x86_64-w64-mingw32.openocd-e3428fadb.220212.zip",
                     "checksum": "SHA-256:0643903fcd887a8423cb4ba5329565b499c206921f77ad2e59ae32c472a26dd7",
                     "size": "2156820"
                  },
                  {
                     "host": "x86_64-apple-darwin",
                     "url": "https://github.com/earlephilhower/pico-quick-toolchain/releases/download/1.3.3-a/x86_64-apple-darwin14.openocd-e3428fadb.220212.tar.gz",
                     "archiveFileName": "x86_64-apple-darwin14.openocd-e3428fadb.220212.tar.gz",
                     "checksum": "SHA-256:913b65baeeef1b60caf202e69cde4cd5a3ba0ed2f75f2600adfb3dcf4b3899ef",
                     "size": "2002482"
                  },
                  {
                     "host": "x86_64-pc-linux-gnu",
                     "url": "https://github.com/earlephilhower/pico-quick-toolchain/releases/download/1.3.3-a/x86_64-linux-gnu.openocd-e3428fadb.220212.tar.gz",
                     "archiveFileName": "x86_64-linux-gnu.openocd-e3428fadb.220212.tar.gz",
                     "checksum": "SHA-256:63b2be48c1438d2a09f4ed65d89e555176f18753886555cf48f861e9288d7dc1",
                     "size": "5540524"
                  },
                  {
                     "host": "x86_64-mingw32",
                     "url": "https://github.com/earlephilhower/pico-quick-toolchain/releases/download/1.3.3-a/x86_64-w64-mingw32.openocd-e3428fadb.220212.zip",
                     "archiveFileName": "x86_64-w64-mingw32.openocd-e3428fadb.220212.zip",
                     "checksum": "SHA-256:0643903fcd887a8423cb4ba5329565b499c206921f77ad2e59ae32c472a26dd7",
                     "size": "2156820"
                  }
               ]
            },
            {
               "version": "1.0.1-base-3a57aed",
               "name": "pqt-python3",
               "systems": [
                  {
                     "host": "arm-linux-gnueabihf",
                     "url": "https://github.com/earlephilhower/pico-quick-toolchain/releases/download/1.0.1-base/python3-via-env.tar.gz",
                     "archiveFileName": "python3-via-env.tar.gz",
                     "checksum": "SHA-256:c9237bfe0f62842d7187a39495baa4a7e3ab8b87c0b433614294b023cf0bc0f3",
                     "size": "292"
                  },
                  {
                     "host": "x86_64-mingw32",
                     "url": "https://github.com/earlephilhower/pico-quick-toolchain/releases/download/1.0.1-base/python3-3.7.2.post1-embed-win32v2a.zip",
                     "archiveFileName": "python3-3.7.2.post1-embed-win32v2a.zip",
                     "checksum": "SHA-256:f57cb2daf86176d2929e7c58990c2ac32554e3219d454dcac10e464ddda35bf2",
                     "size": "6428926"
                  },
                  {
                     "host": "i686-mingw32",
                     "url": "https://github.com/earlephilhower/pico-quick-toolchain/releases/download/1.0.1-base/python3-3.7.2.post1-embed-win32v2a.zip",
                     "archiveFileName": "python3-3.7.2.post1-embed-win32v2a.zip",
                     "checksum": "SHA-256:f57cb2daf86176d2929e7c58990c2ac32554e3219d454dcac10e464ddda35bf2",
                     "size": "6428926"
                  },
                  {
                     "host": "aarch64-linux-gnu",
                     "url": "https://github.com/earlephilhower/pico-quick-toolchain/releases/download/1.0.1-base/python3-via-env.tar.gz",
                     "archiveFileName": "python3-via-env.tar.gz",
                     "checksum": "SHA-256:c9237bfe0f62842d7187a39495baa4a7e3ab8b87c0b433614294b023cf0bc0f3",
                     "size": "292"
                  },
                  {
                     "host": "arm-linux-gnueabihf",
                     "url": "https://github.com/earlephilhower/pico-quick-toolchain/releases/download/1.0.1-base/python3-via-env.tar.gz",
                     "archiveFileName": "python3-via-env.tar.gz",
                     "checksum": "SHA-256:c9237bfe0f62842d7187a39495baa4a7e3ab8b87c0b433614294b023cf0bc0f3",
                     "size": "292"
                  },
                  {
                     "host": "i686-pc-linux-gnu",
                     "url": "https://github.com/earlephilhower/pico-quick-toolchain/releases/download/1.0.1-base/python3-via-env.tar.gz",
                     "archiveFileName": "python3-via-env.tar.gz",
                     "checksum": "SHA-256:c9237bfe0f62842d7187a39495baa4a7e3ab8b87c0b433614294b023cf0bc0f3",
                     "size": "292"
                  },
                  {
                     "host": "x86_64-apple-darwin",
                     "url": "https://github.com/earlephilhower/pico-quick-toolchain/releases/download/1.0.1-base/python3-macosx-portable.tar.gz",
                     "archiveFileName": "python3-macosx-portable.tar.gz",
                     "checksum": "SHA-256:01a5bf1fa264c6f04cfaadf4c6e9f6caaacb6833ef40104dfbe953fcdb9bca1c",
                     "size": "25494144"
                  },
                  {
                     "host": "x86_64-pc-linux-gnu",
                     "url": "https://github.com/earlephilhower/pico-quick-toolchain/releases/download/1.0.1-base/python3-via-env.tar.gz",
                     "archiveFileName": "python3-via-env.tar.gz",
                     "checksum": "SHA-256:c9237bfe0f62842d7187a39495baa4a7e3ab8b87c0b433614294b023cf0bc0f3",
                     "size": "292"
                  }
               ]
            },
            {
               "version": "1.3.3-a-ed6d983",
               "name": "pqt-gcc",
               "systems": [
                  {
                     "host": "aarch64-linux-gnu",
                     "url": "https://github.com/earlephilhower/pico-quick-toolchain/releases/download/1.3.3-a/aarch64-linux-gnu.arm-none-eabi-ed6d983.220212.tar.gz",
                     "archiveFileName": "aarch64-linux-gnu.arm-none-eabi-ed6d983.220212.tar.gz",
                     "checksum": "SHA-256:7773b43b9c0bf5b7cdb2299e9d1b151df97e0a2ded4428809ec68264ac9818a9",
                     "size": "102741416"
                  },
                  {
                     "host": "arm-linux-gnueabihf",
                     "url": "https://github.com/earlephilhower/pico-quick-toolchain/releases/download/1.3.3-a/arm-linux-gnueabihf.arm-none-eabi-ed6d983.220212.tar.gz",
                     "archiveFileName": "arm-linux-gnueabihf.arm-none-eabi-ed6d983.220212.tar.gz",
                     "checksum": "SHA-256:c422910ef0e29528939e037ea3c518a532726111604b85b27f3f245820680ccb",
                     "size": "95383443"
                  },
                  {
                     "host": "i686-pc-linux-gnu",
                     "url": "https://github.com/earlephilhower/pico-quick-toolchain/releases/download/1.3.3-a/i686-linux-gnu.arm-none-eabi-ed6d983.220212.tar.gz",
                     "archiveFileName": "i686-linux-gnu.arm-none-eabi-ed6d983.220212.tar.gz",
                     "checksum": "SHA-256:6306791b43de955c4a4d0a1b8972e0f696206591a810eefc16b906b157322bd3",
                     "size": "105350371"
                  },
                  {
                     "host": "i686-mingw32",
                     "url": "https://github.com/earlephilhower/pico-quick-toolchain/releases/download/1.3.3-a/i686-w64-mingw32.arm-none-eabi-ed6d983.220212.zip",
                     "archiveFileName": "i686-w64-mingw32.arm-none-eabi-ed6d983.220212.zip",
                     "checksum": "SHA-256:b00aa3594d1911bea07c1dbf31b9a63430f4dcb91c7b3b1341f8551d361d405f",
                     "size": "105568357"
                  },
                  {
                     "host": "x86_64-apple-darwin",
                     "url": "https://github.com/earlephilhower/pico-quick-toolchain/releases/download/1.3.3-a/x86_64-apple-darwin14.arm-none-eabi-ed6d983.220212.tar.gz",
                     "archiveFileName": "x86_64-apple-darwin14.arm-none-eabi-ed6d983.220212.tar.gz",
                     "checksum": "SHA-256:e93b967d1fb6ed0fc7cf6a5161e22a597dd05080c1353ac74e2a42ddf8dfe98d",
                     "size": "107429038"
                  },
                  {
                     "host": "x86_64-pc-linux-gnu",
                     "url": "https://github.com/earlephilhower/pico-quick-toolchain/releases/download/1.3.3-a/x86_64-linux-gnu.arm-none-eabi-ed6d983.220212.tar.gz",
                     "archiveFileName": "x86_64-linux-gnu.arm-none-eabi-ed6d983.220212.tar.gz",
                     "checksum": "SHA-256:047c4d482cf77e09bd8069fc9d5b28b1e0c76440ad81583a0fc3a8e809959bb8",
                     "size": "106740897"
                  },
                  {
                     "host": "x86_64-mingw32",
                     "url": "https://github.com/earlephilhower/pico-quick-toolchain/releases/download/1.3.3-a/x86_64-w64-mingw32.arm-none-eabi-ed6d983.220212.zip",
                     "archiveFileName": "x86_64-w64-mingw32.arm-none-eabi-ed6d983.220212.zip",
                     "checksum": "SHA-256:5c15725628a3dbd47a8fa8f9a9aab7a2221815ec9bf85dc2080ce19166316ae6",
                     "size": "110420777"
                  }
               ]
            },
            {
               "version": "1.3.3-a-ed6d983",
               "name": "pqt-elf2uf2",
               "systems": [
                  {
                     "host": "aarch64-linux-gnu",
                     "url": "https://github.com/earlephilhower/pico-quick-toolchain/releases/download/1.3.3-a/aarch64-linux-gnu.elf2uf2-2062372.220212.tar.gz",
                     "archiveFileName": "aarch64-linux-gnu.elf2uf2-2062372.220212.tar.gz",
                     "checksum": "SHA-256:8cb7ce703b0fa6f2fce6b124ae6f34ad0b866aa4a58096f22b66b1251c1b11c0",
                     "size": "79853"
                  },
                  {
                     "host": "arm-linux-gnueabihf",
                     "url": "https://github.com/earlephilhower/pico-quick-toolchain/releases/download/1.3.3-a/arm-linux-gnueabihf.elf2uf2-2062372.220212.tar.gz",
                     "archiveFileName": "arm-linux-gnueabihf.elf2uf2-2062372.220212.tar.gz",
                     "checksum": "SHA-256:790d46b411c16a4a210a91436eb4bdc81fb34f0119148a8f9c4b09489489a54d",
                     "size": "54244"
                  },
                  {
                     "host": "i686-pc-linux-gnu",
                     "url": "https://github.com/earlephilhower/pico-quick-toolchain/releases/download/1.3.3-a/i686-linux-gnu.elf2uf2-2062372.220212.tar.gz",
                     "archiveFileName": "i686-linux-gnu.elf2uf2-2062372.220212.tar.gz",
                     "checksum": "SHA-256:7c05c70f761bb6caa986d24ac1065367fe906ff7f0434cf4b0112ace331f74bc",
                     "size": "87891"
                  },
                  {
                     "host": "i686-mingw32",
                     "url": "https://github.com/earlephilhower/pico-quick-toolchain/releases/download/1.3.3-a/i686-w64-mingw32.elf2uf2-2062372.220212.zip",
                     "archiveFileName": "i686-w64-mingw32.elf2uf2-2062372.220212.zip",
                     "checksum": "SHA-256:e6f0578ea781b160390994d3e95bedfec01e212d47243b1adb84f910a06bcba4",
                     "size": "70405"
                  },
                  {
                     "host": "x86_64-apple-darwin",
                     "url": "https://github.com/earlephilhower/pico-quick-toolchain/releases/download/1.3.3-a/x86_64-apple-darwin14.elf2uf2-2062372.220212.tar.gz",
                     "archiveFileName": "x86_64-apple-darwin14.elf2uf2-2062372.220212.tar.gz",
                     "checksum": "SHA-256:d65de7218eaf01c9bf58fa22bd9e1e7c10c054213948b4b62f648a058d09b4de",
                     "size": "81981"
                  },
                  {
                     "host": "x86_64-pc-linux-gnu",
                     "url": "https://github.com/earlephilhower/pico-quick-toolchain/releases/download/1.3.3-a/x86_64-linux-gnu.elf2uf2-2062372.220212.tar.gz",
                     "archiveFileName": "x86_64-linux-gnu.elf2uf2-2062372.220212.tar.gz",
                     "checksum": "SHA-256:ba7795ed49c54f3f52caee675b0fd078f6fb8498a47bf7e5d7457065271df338",
                     "size": "79585"
                  },
                  {
                     "host": "x86_64-mingw32",
                     "url": "https://github.com/earlephilhower/pico-quick-toolchain/releases/download/1.3.3-a/x86_64-w64-mingw32.elf2uf2-2062372.220212.zip",
                     "archiveFileName": "x86_64-w64-mingw32.elf2uf2-2062372.220212.zip",
                     "checksum": "SHA-256:02c7684ed1aea4e18216ec6bbbcedeb482c5f23ad7d5eb9dcb942b8ae6cad5ae",
                     "size": "78279"
                  }
               ]
            },
            {
               "version": "1.3.3-a-ed6d983",
               "name": "pqt-pioasm",
               "systems": [
                  {
                     "host": "aarch64-linux-gnu",
                     "url": "https://github.com/earlephilhower/pico-quick-toolchain/releases/download/1.3.3-a/aarch64-linux-gnu.pioasm-2062372.220212.tar.gz",
                     "archiveFileName": "aarch64-linux-gnu.pioasm-2062372.220212.tar.gz",
                     "checksum": "SHA-256:9ea17ecf0e492bc6a971f6a78780c3b3c6ee644d52e056cba08a708ac225add2",
                     "size": "453558"
                  },
                  {
                     "host": "arm-linux-gnueabihf",
                     "url": "https://github.com/earlephilhower/pico-quick-toolchain/releases/download/1.3.3-a/arm-linux-gnueabihf.pioasm-2062372.220212.tar.gz",
                     "archiveFileName": "arm-linux-gnueabihf.pioasm-2062372.220212.tar.gz",
                     "checksum": "SHA-256:c7af69227a3b3c54ccf87122b18842460a263bd711abf93336794ce5f905c284",
                     "size": "360559"
                  },
                  {
                     "host": "i686-pc-linux-gnu",
                     "url": "https://github.com/earlephilhower/pico-quick-toolchain/releases/download/1.3.3-a/i686-linux-gnu.pioasm-2062372.220212.tar.gz",
                     "archiveFileName": "i686-linux-gnu.pioasm-2062372.220212.tar.gz",
                     "checksum": "SHA-256:f66b9bde3d6859d43049b019fb639dd0bfafcd43f1389ffc499d18949bcf1808",
                     "size": "511397"
                  },
                  {
                     "host": "i686-mingw32",
                     "url": "https://github.com/earlephilhower/pico-quick-toolchain/releases/download/1.3.3-a/i686-w64-mingw32.pioasm-2062372.220212.zip",
                     "archiveFileName": "i686-w64-mingw32.pioasm-2062372.220212.zip",
                     "checksum": "SHA-256:89cfa44101dade30000cfaa5985de7f0e7aba93d03dc45ba962f97226ae4e41f",
                     "size": "385748"
                  },
                  {
                     "host": "x86_64-apple-darwin",
                     "url": "https://github.com/earlephilhower/pico-quick-toolchain/releases/download/1.3.3-a/x86_64-apple-darwin14.pioasm-2062372.220212.tar.gz",
                     "archiveFileName": "x86_64-apple-darwin14.pioasm-2062372.220212.tar.gz",
                     "checksum": "SHA-256:d531c911e6eba0333379af04dd807917659bd4d34be9f4bd6792aeff55ab15a9",
                     "size": "480495"
                  },
                  {
                     "host": "x86_64-pc-linux-gnu",
                     "url": "https://github.com/earlephilhower/pico-quick-toolchain/releases/download/1.3.3-a/x86_64-linux-gnu.pioasm-2062372.220212.tar.gz",
                     "archiveFileName": "x86_64-linux-gnu.pioasm-2062372.220212.tar.gz",
                     "checksum": "SHA-256:2cd4aa8af98558461cb7b85b21830ea854a430a3e57668d618c5f1cd5e389809",
                     "size": "458730"
                  },
                  {
                     "host": "x86_64-mingw32",
                     "url": "https://github.com/earlephilhower/pico-quick-toolchain/releases/download/1.3.3-a/x86_64-w64-mingw32.pioasm-2062372.220212.zip",
                     "archiveFileName": "x86_64-w64-mingw32.pioasm-2062372.220212.zip",
                     "checksum": "SHA-256:ba586e67f4b309690a51fca70fdd26f38b68951b0fee4dc8333183ef6429833a",
                     "size": "408649"
                  }
               ]
            },
            {
               "version": "1.3.3-a-ed6d983",
               "name": "pqt-mklittlefs",
               "systems": [
                  {
                     "host": "aarch64-linux-gnu",
                     "url": "https://github.com/earlephilhower/pico-quick-toolchain/releases/download/1.3.3-a/aarch64-linux-gnu.mklittlefs-affa497.220212.tar.gz",
                     "archiveFileName": "aarch64-linux-gnu.mklittlefs-affa497.220212.tar.gz",
                     "checksum": "SHA-256:2455f5ca6cb1f7b73ed1cb55d4d2261d249c1b24915bd4e66e28f037a0a13116",
                     "size": "47271"
                  },
                  {
                     "host": "arm-linux-gnueabihf",
                     "url": "https://github.com/earlephilhower/pico-quick-toolchain/releases/download/1.3.3-a/arm-linux-gnueabihf.mklittlefs-affa497.220212.tar.gz",
                     "archiveFileName": "arm-linux-gnueabihf.mklittlefs-affa497.220212.tar.gz",
                     "checksum": "SHA-256:f4b71138f1469e4b9ce82b3b21252aca265a88d56a5d48513dbb5c6d58b19841",
                     "size": "40807"
                  },
                  {
                     "host": "i686-pc-linux-gnu",
                     "url": "https://github.com/earlephilhower/pico-quick-toolchain/releases/download/1.3.3-a/i686-linux-gnu.mklittlefs-affa497.220212.tar.gz",
                     "archiveFileName": "i686-linux-gnu.mklittlefs-affa497.220212.tar.gz",
                     "checksum": "SHA-256:ed1011230c75447dad3d912b7b5607ddcc59e093ee7ebd653fb05274bc876f4c",
                     "size": "50909"
                  },
                  {
                     "host": "i686-mingw32",
                     "url": "https://github.com/earlephilhower/pico-quick-toolchain/releases/download/1.3.3-a/i686-w64-mingw32.mklittlefs-affa497.220212.zip",
                     "archiveFileName": "i686-w64-mingw32.mklittlefs-affa497.220212.zip",
                     "checksum": "SHA-256:1289f51c674ebdc568843b82c88db21eb4c295f3b15c26398d31266b9da63b4c",
                     "size": "334050"
                  },
                  {
                     "host": "x86_64-apple-darwin",
                     "url": "https://github.com/earlephilhower/pico-quick-toolchain/releases/download/1.3.3-a/x86_64-apple-darwin14.mklittlefs-affa497.220212.tar.gz",
                     "archiveFileName": "x86_64-apple-darwin14.mklittlefs-affa497.220212.tar.gz",
                     "checksum": "SHA-256:0c0d7d8c80739ed79bc5a41e831d0229b6378e87f4c58f148d884814f1ad46d2",
                     "size": "365757"
                  },
                  {
                     "host": "x86_64-pc-linux-gnu",
                     "url": "https://github.com/earlephilhower/pico-quick-toolchain/releases/download/1.3.3-a/x86_64-linux-gnu.mklittlefs-affa497.220212.tar.gz",
                     "archiveFileName": "x86_64-linux-gnu.mklittlefs-affa497.220212.tar.gz",
                     "checksum": "SHA-256:c504429c24cfea9bf841cbf0caa29bbe0115e72c94c18f949451ffa540d6cacc",
                     "size": "49766"
                  },
                  {
                     "host": "x86_64-mingw32",
                     "url": "https://github.com/earlephilhower/pico-quick-toolchain/releases/download/1.3.3-a/x86_64-w64-mingw32.mklittlefs-affa497.220212.zip",
                     "archiveFileName": "x86_64-w64-mingw32.mklittlefs-affa497.220212.zip",
                     "checksum": "SHA-256:4ada867888513596fa51bf78c98d9e970de9b8f1eec4f88d85e6e7621704fb91",
                     "size": "347602"
                  }
               ]
            }
         ]
      }
   ]
}
