{
  "build": {
    "core": "earlephilhower",
    "cpu": "cortex-m0plus",
    "extra_flags": "-D ARDUINO_CHALLENGER_NB_2040_WIFI_RP2040 -DARDUINO_ARCH_RP2040 -DUSBD_MAX_POWER_MA=500",
    "f_cpu": "133000000L",
    "hwids": [
      [
        "0x2E8A",
        "0x00C0"
      ]
    ],
    "mcu": "rp2040",
    "arduino": {
      "earlephilhower": {
        "variant": "challenger_nb_2040_wifi",
        "boot2_source": "boot2_w25q080_2_padded_checksum.S",
        "usb_vid": "0x2e8a",
        "usb_pid": "0x100b",
        "usb_manufacturer": "iLabs",
        "usb_product": "Challenger NB 2040 WiFi"
      }
    }
  },
  "debug": {
    "jlink_device": "RP2040_M0_0",
    "openocd_target": "rp2040.cfg",
    "svd_path": "rp2040.svd"
  },
  "frameworks": [
    "arduino"
  ],
  "name": "Challenger NB 2040 WiFi",
  "upload": {
    "maximum_ram_size": 270336,
    "maximum_size": 8388608,
    "require_upload_port": true,
    "native_usb": true,
    "use_1200bps_touch": true,
    "wait_for_upload_port": false,
    "protocol": "picotool",
    "protocols": [
      "cmsis-dap",
      "jlink",
      "raspberrypi-swd",
      "picotool",
      "picoprobe"
    ]
  },
  "url": "https://www.raspberrypi.org/products/raspberry-pi-pico/",
  "vendor": "iLabs"
}